level	picture	colors	pixels	brush	blocks	factor	target	clearRate	greedyWin	avgMoves
1	고양이	3	242	6	39	3.00	1.00	0.99	yes	22.0
2	강아지	3	223	5	33	2.20	1.00	0.98	yes	24.8
3	토끼	2	210	5	26	2.00	1.00	0.99	yes	18.8
4	곰	2	226	5	28	2.00	1.00	0.98	yes	19.9
5	판다	3	240	6	39	2.60	1.00	1.00	yes	26.3
6	여우	3	228	5	34	2.30	0.94	0.94	yes	23.0
7	돼지	2	208	5	31	2.37	0.84	0.84	yes	21.5
8	병아리	2	192	4	38	3.00	0.84	0.87	yes	17.0
9	개구리	3	234	5	38	2.30	0.94	0.94	yes	24.2
10	펭귄	3	242	5	26	1.90	0.44	0.43	yes	23.2
11	열대어	2	181	4	25	1.70	0.94	0.94	yes	19.7
12	고래	3	192	4	38	2.68	0.83	0.83	yes	24.0
13	문어	2	245	5	26	1.73	0.83	0.84	yes	18.0
14	게	2	188	4	49	3.20	0.94	0.94	yes	20.7
15	해파리	3	202	4	20	1.65	0.44	0.50	yes	17.6
16	불가사리	2	132	3	33	2.30	0.93	0.93	yes	20.1
17	거북이	3	192	4	35	2.68	0.82	0.83	yes	22.4
18	조개	2	232	5	20	1.42	0.82	0.76	yes	17.3
19	돌고래	2	158	3	30	1.70	0.93	0.93	yes	23.4
20	복어	3	212	4	28	2.15	0.43	0.47	yes	20.8
21	사과	3	259	5	40	2.30	0.93	0.93	yes	26.9
22	딸기	3	194	4	39	2.68	0.81	0.80	yes	26.3
23	수박	3	136	3	39	3.00	0.81	0.83	yes	29.4
24	바나나	2	127	3	46	3.20	0.93	0.94	yes	33.4
25	체리	2	136	3	21	2.15	0.43	0.36	yes	15.2
26	포도	3	222	4	56	2.90	0.92	0.95	yes	37.5
27	복숭아	3	241	4	44	2.68	0.80	0.79	yes	25.3
28	레몬	3	205	4	41	2.68	0.80	0.80	yes	24.0
29	파인애플	3	194	4	42	2.60	0.92	0.88	yes	33.2
30	배	3	179	3	43	2.71	0.42	0.73	yes	28.8
31	컵케이크	4	205	4	37	2.45	0.92	0.73	yes	31.4
32	도넛	3	270	5	41	2.68	0.79	0.75	yes	25.3
33	아이스크림	4	167	3	45	2.68	0.79	0.77	yes	32.2
34	조각 케이크	4	242	4	78	4.20	0.92	0.94	yes	31.3
35	쿠키	2	288	5	20	1.40	0.42	0.49	yes	18.1
36	푸딩	4	231	4	50	2.90	0.91	0.80	yes	28.3
37	사탕	3	145	3	39	2.68	0.78	0.83	yes	27.0
38	햄버거	4	279	5	42	2.68	0.78	0.80	yes	29.3
39	피자	4	223	4	51	2.90	0.91	0.93	yes	30.2
40	김밥	4	318	5	40	2.40	0.41	0.51	yes	33.5
41	튤립	3	156	3	43	2.90	0.91	0.81	yes	24.7
42	해바라기	3	224	4	43	2.68	0.77	0.71	yes	33.8
43	선인장	3	205	3	57	3.00	0.77	0.81	yes	32.7
44	버섯	3	240	4	45	2.90	0.91	0.88	yes	20.2
45	나무	3	226	4	31	2.14	0.41	0.68	yes	20.8
46	네잎클로버	2	172	3	33	2.00	0.90	0.90	yes	21.4
47	장미	3	187	3	50	2.68	0.76	0.77	yes	27.2
48	화분	3	213	3	63	3.00	0.76	0.77	yes	30.5
49	벚꽃	3	194	3	33	1.70	0.90	0.91	yes	24.7
50	단풍잎	2	170	3	21	1.40	0.40	0.38	yes	18.7
51	자동차	4	212	3	50	2.30	0.90	0.83	yes	36.1
52	버스	4	305	4	53	2.37	0.75	0.78	yes	37.5
53	비행기	3	144	2	52	2.68	0.74	0.68	yes	25.1
54	돛단배	4	159	2	65	2.90	0.90	0.81	yes	37.9
55	로켓	4	126	2	38	2.40	0.40	0.50	yes	27.5
56	기차	4	260	4	38	2.00	0.89	0.82	yes	29.1
57	열기구	4	210	3	43	2.05	0.74	0.85	yes	35.6
58	잠수함	4	188	3	46	2.68	0.73	0.67	yes	27.6
59	헬리콥터	4	157	2	60	2.60	0.89	0.88	yes	32.9
60	자전거	4	122	2	28	1.90	0.39	0.34	yes	22.8
61	해	3	164	2	81	3.20	0.89	0.82	yes	45.4
62	구름	3	197	3	38	2.05	0.73	0.68	yes	26.9
63	무지개	5	200	3	45	2.37	0.72	0.65	yes	35.6
64	달	2	143	2	41	2.00	0.89	0.84	yes	22.5
65	별	2	152	2	54	2.71	0.39	0.53	yes	30.5
66	번개구름	3	223	3	63	2.90	0.88	0.78	yes	28.9
67	눈사람	4	204	3	39	2.05	0.72	0.73	yes	30.7
68	우산	3	176	2	58	2.37	0.71	0.68	yes	31.2
69	눈꽃	2	168	2	64	2.90	0.88	0.86	yes	21.6
70	비구름	3	212	3	42	2.15	0.38	0.52	yes	29.7
71	머그컵	4	228	3	60	2.60	0.88	0.79	yes	33.5
72	전구	3	176	2	59	2.37	0.71	0.74	yes	31.8
73	시계	3	323	4	48	2.05	0.70	0.64	yes	32.9
74	선물상자	3	334	4	62	2.60	0.88	0.82	yes	32.8
75	하트	2	246	3	57	2.71	0.38	0.43	yes	39.3
76	왕관	4	224	3	63	2.90	0.87	0.77	yes	31.6
77	열쇠	2	119	2	30	1.73	0.70	0.77	yes	22.1
78	음표	2	165	2	69	3.00	0.69	0.68	yes	30.5
79	연필	4	91	1	65	2.45	0.87	0.68	yes	46.7
80	책	4	339	4	35	1.65	0.37	0.40	yes	27.0
81	토성	3	159	2	36	1.70	0.87	0.70	yes	29.9
82	외계인	3	222	3	45	2.05	0.69	0.68	yes	30.9
83	UFO	4	278	3	57	2.05	0.68	0.82	yes	43.2
84	유령	3	304	4	38	1.70	0.87	0.86	yes	29.6
85	마법모자	3	189	2	53	2.15	0.37	0.50	yes	30.2
86	보석	3	201	2	67	2.30	0.86	0.76	yes	40.5
87	성	4	306	4	64	3.00	0.68	0.67	yes	35.9
88	로봇	4	274	3	47	1.73	0.67	0.58	yes	37.2
89	아기용	4	249	3	70	2.90	0.86	0.79	yes	36.8
90	요정	4	217	3	40	2.15	0.36	0.46	yes	29.6
91	복주머니	4	220	3	43	2.00	0.86	0.81	yes	29.1
92	송편	4	190	2	47	1.73	0.67	0.68	yes	38.1
93	부채	4	153	2	68	3.00	0.66	0.64	yes	36.8
94	방패연	4	174	2	100	4.20	0.86	0.65	yes	36.9
95	까치	4	159	2	60	3.00	0.36	0.30	yes	32.8
96	호랑이	4	315	3	52	1.75	0.85	0.59	yes	34.1
97	한옥	4	284	3	62	2.37	0.66	0.68	yes	35.2
98	남산타워	4	210	2	54	1.73	0.65	0.58	yes	44.8
99	무궁화	4	291	3	86	3.20	0.85	0.78	yes	29.7
100	태극무늬	3	424	4	66	2.40	0.35	0.33	yes	39.4
