level	picture	blocks	greedyMoves	minMoves	medianMoves	star3	star2	rounds	winRate	final3	final2
1	고양이	39	22	16	22	21	24	1	0.97	0.36	0.81
2	강아지	33	20	14	25	24	27	1	0.97	0.43	0.80
3	토끼	26	20	13	19	18	20	4	0.98	0.51	0.80
4	곰	28	23	9	20	19	22	1	0.97	0.42	0.87
5	판다	39	32	17	27	26	29	1	0.98	0.49	0.85
6	여우	34	22	16	24	23	26	1	0.95	0.47	0.85
7	돼지	31	16	17	22	21	24	2	0.84	0.40	0.88
8	병아리	38	19	12	17	16	18	1	0.91	0.49	0.86
9	개구리	38	21	18	24	23	26	1	0.96	0.39	0.88
10	펭귄	26	21	15	23	22	25	4	0.45	0.30	0.90
11	열대어	25	22	14	20	18	20	1	0.93	0.33	0.69
12	고래	38	20	17	24	22	25	1	0.85	0.26	0.65
13	문어	26	20	14	18	16	18	2	0.87	0.17	0.68
14	게	49	20	15	20	18	21	1	0.96	0.21	0.65
15	해파리	20	17	11	17	15	17	1	0.53	0.27	0.68
16	불가사리	33	12	14	20	18	20	2	0.93	0.32	0.62
17	거북이	35	23	14	22	20	23	4	0.82	0.23	0.70
18	조개	20	16	12	17	15	17	3	0.78	0.29	0.69
19	돌고래	30	17	15	23	20	24	1	0.96	0.28	0.67
20	복어	28	18	17	22	20	23	1	0.50	0.28	0.59
21	사과	40	19	17	27	24	27	1	0.92	0.25	0.61
22	딸기	39	27	20	25	23	27	2	0.82	0.21	0.65
23	수박	39	32	20	30	28	31	4	0.78	0.13	0.70
24	바나나	46	37	25	33	27	38	1	0.93	0.27	0.64
25	체리	21	13	10	14	12	15	1	0.40	0.17	0.61
26	포도	56	35	34	37	35	38	3	0.94	0.32	0.66
27	복숭아	44	32	21	26	23	26	1	0.82	0.23	0.58
28	레몬	41	25	21	26	22	26	1	0.83	0.20	0.54
29	파인애플	42	23	21	34	29	35	1	0.93	0.28	0.67
30	배	43	28	28	31	29	31	4	0.68	0.27	0.63
31	컵케이크	37	31	30	32	30	32	2	0.61	0.17	0.65
32	도넛	41	25	17	25	23	26	4	0.69	0.37	0.74
33	아이스크림	45	30	24	34	31	35	1	0.74	0.18	0.67
34	조각 케이크	78	36	22	31	29	32	1	0.93	0.24	0.68
35	쿠키	20	17	15	18	16	18	4	0.52	0.11	0.68
36	푸딩	50	24	23	28	26	29	1	0.83	0.29	0.68
37	사탕	39	24	18	26	24	27	1	0.85	0.26	0.62
38	햄버거	42	33	23	30	28	31	3	0.84	0.23	0.68
39	피자	51	29	21	30	28	31	1	0.93	0.23	0.67
40	김밥	40	36	27	35	32	35	1	0.46	0.21	0.72
41	튤립	43	37	14	25	21	25	1	0.83	0.18	0.63
42	해바라기	43	25	24	36	33	36	3	0.71	0.21	0.62
43	선인장	57	31	30	33	31	33	2	0.83	0.27	0.65
44	버섯	45	10	10	20	17	21	2	0.90	0.30	0.67
45	나무	31	17	14	20	18	21	2	0.64	0.26	0.67
46	네잎클로버	33	19	15	21	19	22	1	0.89	0.25	0.70
47	장미	50	25	21	27	25	28	1	0.78	0.21	0.62
48	화분	63	46	22	32	28	33	1	0.82	0.19	0.65
49	벚꽃	33	26	20	24	22	25	1	0.86	0.22	0.54
50	단풍잎	21	19	14	18	16	18	1	0.42	0.22	0.63
51	자동차	50	34	25	36	34	37	4	0.78	0.27	0.66
52	버스	53	36	32	39	37	40	4	0.78	0.33	0.70
53	비행기	52	26	18	28	25	28	1	0.68	0.25	0.71
54	돛단배	65	51	30	39	36	39	1	0.78	0.25	0.53
55	로켓	38	33	23	31	29	32	2	0.53	0.25	0.69
56	기차	38	28	23	30	28	31	1	0.75	0.29	0.71
57	열기구	43	33	29	36	34	36	1	0.81	0.26	0.58
58	잠수함	46	31	26	29	27	29	1	0.73	0.20	0.60
59	헬리콥터	60	35	24	33	30	34	3	0.88	0.25	0.71
60	자전거	28	25	20	23	22	24	4	0.33	0.35	0.73
61	해	81	46	45	47	46	47	4	0.79	0.36	0.57
62	구름	38	27	21	26	23	27	1	0.70	0.30	0.68
63	무지개	45	37	35	38	36	38	3	0.60	0.18	0.59
64	달	41	22	14	22	19	22	4	0.84	0.20	0.58
65	별	54	32	26	32	30	34	1	0.50	0.19	0.60
66	번개구름	63	19	24	31	29	32	2	0.69	0.29	0.69
67	눈사람	39	32	24	31	29	32	1	0.69	0.15	0.56
68	우산	58	33	30	34	32	34	2	0.73	0.20	0.63
69	눈꽃	64	21	14	21	19	22	1	0.88	0.33	0.68
70	비구름	42	32	23	30	27	31	1	0.43	0.24	0.57
71	머그컵	60	36	27	34	32	35	1	0.87	0.26	0.60
72	전구	59	33	30	33	31	33	1	0.70	0.23	0.53
73	시계	48	21	23	33	30	34	1	0.58	0.24	0.70
74	선물상자	62	26	23	32	29	33	3	0.80	0.21	0.58
75	하트	57	39	39	42	39	44	4	0.46	0.23	0.82
76	왕관	63	30	29	34	31	35	1	0.77	0.27	0.66
77	열쇠	30	21	16	23	21	23	2	0.79	0.30	0.66
78	음표	69	25	23	27	24	31	1	0.69	0.21	0.62
79	연필	65	57	36	51	46	52	1	0.68	0.20	0.60
80	책	35	29	19	30	28	31	4	0.30	0.21	0.63
81	토성	36	30	21	30	28	31	1	0.73	0.35	0.71
82	외계인	45	30	26	32	29	34	2	0.68	0.23	0.64
83	UFO	57	40	38	45	42	46	1	0.79	0.24	0.67
84	유령	38	30	27	29	27	29	1	0.81	0.26	0.55
85	마법모자	53	30	23	33	29	35	1	0.51	0.20	0.66
86	보석	67	43	34	44	41	44	4	0.68	0.19	0.50
87	성	64	32	29	36	33	37	1	0.73	0.27	0.69
88	로봇	47	38	36	40	38	41	1	0.54	0.25	0.73
89	아기용	70	33	33	36	34	38	1	0.76	0.31	0.68
90	요정	40	28	27	33	30	34	1	0.40	0.27	0.60
91	복주머니	43	28	20	30	28	31	2	0.79	0.27	0.76
92	송편	47	45	29	39	37	39	2	0.65	0.31	0.61
93	부채	68	36	29	38	35	40	2	0.67	0.30	0.76
94	방패연	100	37	24	38	34	40	2	0.69	0.21	0.60
95	까치	60	44	40	42	40	42	2	0.28	0.25	0.62
96	호랑이	52	37	29	37	35	38	3	0.57	0.36	0.60
97	한옥	62	43	27	40	37	41	4	0.57	0.26	0.72
98	남산타워	54	45	44	48	46	49	1	0.57	0.25	0.68
99	무궁화	86	58	24	32	28	34	2	0.72	0.13	0.64
100	태극무늬	66	41	38	51	45	52	2	0.38	0.23	0.61
